{"dtype": "compas.datastructures/Mesh", "data": {"attributes": {}, "default_vertex_attributes": {"x": 0.0, "y": 0.0, "z": 0.0}, "default_edge_attributes": {}, "default_face_attributes": {}, "vertex": {"0": {"x": -0.5, "y": 0.5, "z": 0.0}, "1": {"x": 0.5, "y": -0.5, "z": 0.0}, "2": {"x": 0.45, "y": 0.5, "z": 0.0}, "3": {"x": 0.45, "y": 0.5, "z": 0.0}, "4": {"x": 0.5, "y": -0.05, "z": 0.0}, "5": {"x": 0.495, "y": 0.05, "z": 0.0}, "6": {"x": 0.05, "y": -0.005000000000000001, "z": 0.0}, "7": {"x": 0.05, "y": -0.5, "z": 0.0}, "8": {"x": -0.005000000000000001, "y": -0.45, "z": 0.0}, "9": {"x": -0.445, "y": -0.5, "z": 0.0}, "10": {"x": -0.4505, "y": -0.495, "z": 0.0}, "11": {"x": -0.5, "y": 0.05, "z": 0.0}, "12": {"x": -0.49505, "y": -0.0495, "z": 0.0}, "13": {"x": -0.095, "y": 0.005000000000000001, "z": 0.0}, "14": {"x": 0.004500000000000004, "y": 0.005000000000000001, "z": 0.0}, "15": {"x": -0.05, "y": 0.5, "z": 0.0}, "16": {"x": 0.0004500000000000004, "y": 0.4505, "z": 0.0}}, "face": {"0": [5, 4, 2, 3], "1": [4, 6, 7, 1], "2": [10, 9, 7, 8], "3": [12, 11, 9, 10], "4": [14, 6, 4, 5], "5": [8, 7, 6, 14], "6": [14, 12, 10, 8], "7": [14, 13, 11, 12], "8": [15, 0, 11, 13], "9": [3, 16, 14, 5], "10": [16, 15, 13, 14], "11": [3, 2, 15, 16]}, "facedata": {"0": {}, "1": {}, "2": {}, "3": {}, "4": {}, "5": {}, "6": {}, "7": {}, "8": {}, "9": {}, "10": {}, "11": {}}, "edgedata": {}, "max_vertex": 16, "max_face": 11}, "guid": "f461c9e7-5bfa-46e5-8e57-15f760c9b2de"}