{"dtype": "compas.datastructures/Mesh", "data": {"attributes": {}, "default_vertex_attributes": {"x": 0.0, "y": 0.0, "z": 0.0}, "default_edge_attributes": {}, "default_face_attributes": {}, "vertex": {"0": {"x": 0.0, "y": 0.5, "z": 0.0}, "1": {"x": -0.5, "y": 0.5, "z": 0.0}, "2": {"x": -0.5, "y": 0.0, "z": 0.0}, "3": {"x": -0.5, "y": -0.5, "z": 0.0}, "4": {"x": 0.45, "y": 0.5, "z": 0.0}, "5": {"x": 0.45, "y": 0.5, "z": 0.0}, "6": {"x": 0.5, "y": -0.05, "z": 0.0}, "7": {"x": 0.495, "y": 0.05, "z": 0.0}, "8": {"x": 0.05, "y": -0.005000000000000001, "z": 0.0}, "9": {"x": -0.05, "y": 0.0, "z": 0.0}, "10": {"x": 0.005000000000000001, "y": -0.4505, "z": 0.0}, "11": {"x": -0.05, "y": -0.5, "z": 0.0}, "12": {"x": 0.5, "y": -0.455, "z": 0.0}, "13": {"x": 0.445, "y": -0.5, "z": 0.0}}, "face": {"0": [7, 6, 4, 5], "1": [0, 1, 2, 9], "2": [5, 0, 9, 7], "3": [9, 8, 6, 7], "4": [9, 2, 3, 11], "5": [11, 10, 8, 9], "6": [6, 8, 10, 12], "7": [13, 12, 10, 11]}, "facedata": {"0": {}, "1": {}, "2": {}, "3": {}, "4": {}, "5": {}, "6": {}, "7": {}}, "edgedata": {}, "max_vertex": 13, "max_face": 7}, "guid": "d334b038-0b21-4768-969a-50d943ac7513"}